{
  "name": "weaponpack1",
  "author": "Mrv",
  "version": "1.0.0",
  "license": "MIT",
  "autoUpdate": false,
  "checkUpdateUrl": "",
  "src":{
    "src/modloader.js": "CacheModLoad"
  },
  "folders": [
  "files/items",
	"files/assort/ragfair",
	"files/locales/en",
	"files/templates"
  ],
  "filenames": [
      "ppgun",
	  "ppgunmag",
	  "ppgunreceiver",
	  "ppgunbarrel",
	  "ppgunhandguard",
	  "ppgunshroud",
	  "ppgununder",
	  "ppgununderreciver",
	  "Maximpdx",
	  "Maximpdxstock",
	  "Maximpdxreceiver",
	  "Maximpdxgrip",
	  "Maximpdxhandguard",
	  "Maximpdxbarrel",
	  "Maximpdxsuppressor",
	  "mcx",
	  "mcxstock",
	  "mcxsuppressor",
	  "mcxreciever",
	  "mcxrecieverdrop",
	  "mcxbarrel",
	  "mcxhandguardraiser",
	  "mcxhandguardraiser2",
	  "mcxhandguard",
	  "mcxbarreldrop",
	  "mcxbarreldrop2",
	  "mcxbarreldrop3"
  ]
}