{
		"_id": "Maximpdxstock",
		"_name": "Maximpdxstock",
		"_parent": "55818a594bdc2db9688b456a",
		"_type": "Item",
		"_props": {
			"Name": "Maximpdxstock",
			"ShortName": "Maximpdxstock",
			"Description": "Maximpdxstock",
			"Weight": 0.4,
			"BackgroundColor": "blue",
			"Width": 2,
			"Height": 1,
			"StackMaxSize": 1,
			"Rarity": "Rare",
			"SpawnChance": 2,
			"CreditsPrice": 5518,
			"ItemSound": "mod",
			"Prefab": {
				"path": "assets/content/items/mods/stocks/stock_ar15_troy_m7a1_pdw_blk.bundle",
				"rcid": ""
			},
			"UsePrefab": {
				"path": "",
				"rcid": ""
			},
			"StackObjectsCount": 1,
			"NotShownInSlot": false,
			"ExaminedByDefault": false,
			"ExamineTime": 1,
			"IsUndiscardable": false,
			"IsUnsaleable": false,
			"IsUnbuyable": false,
			"IsUngivable": false,
			"IsLockedafterEquip": false,
			"QuestItem": false,
			"LootExperience": 10,
			"ExamineExperience": 5,
			"HideEntrails": false,
			"RepairCost": 0,
			"RepairSpeed": 0,
			"ExtraSizeLeft": 0,
			"ExtraSizeRight": 1,
			"ExtraSizeUp": 0,
			"ExtraSizeDown": 0,
			"ExtraSizeForceAdd": true,
			"MergesWithChildren": true,
			"CanSellOnRagfair": true,
			"CanRequireOnRagfair": true,
			"BannedFromRagfair": false,
			"ConflictingItems": [],
			"FixedPrice": false,
			"Unlootable": false,
			"UnlootableFromSlot": "FirstPrimaryWeapon",
			"UnlootableFromSide": [],
			"ChangePriceCoef": 1,
			"AllowSpawnOnLocations": [],
			"SendToClient": false,
			"AnimationVariantsNumber": 0,
			"DiscardingBlock": false,
			"Grids": [],
			"Slots": [],
			"CanPutIntoDuringTheRaid": true,
			"CantRemoveFromSlotsDuringRaid": [],
			"Durability": 100,
			"Accuracy": 0,
			"Recoil": -31,
			"Loudness": 0,
			"EffectiveDistance": 0,
			"Ergonomics": 16,
			"Velocity": 0,
			"RaidModdable": true,
			"ToolModdable": true,
			"BlocksFolding": false,
			"BlocksCollapsible": false,
			"IsAnimated": false,
			"HasShoulderContact": true,
			"SightingRange": 0,
			"IsShoulderContact": false,
			"Foldable": false,
			"Retractable": false,
			"SizeReduceRight": 0
		},
		"_proto": "5649be884bdc2d79388b4577"
	}