{
		"_id": "Maximpdxhandguard",
		"_name": "Maximpdxhandguard",
		"_parent": "55818a104bdc2db9688b4569",
		"_type": "Item",
		"_props": {
			"Name": "Maximpdxhandguard",
			"ShortName": "Maximpdxhandguard",
			"Description": "Maximpdxhandguard",
			"Weight": 0.08,
			"BackgroundColor": "blue",
			"Width": 1,
			"Height": 1,
			"StackMaxSize": 1,
			"Rarity": "Rare",
			"SpawnChance": 3,
			"CreditsPrice": 6400,
			"ItemSound": "mod",
			"Prefab": {
				"path": "assets/content/items/mods/handguards/handguard_ar15_kac_urx_3_8_inch.bundle",
				"rcid": ""
			},
			"UsePrefab": {
				"path": "",
				"rcid": ""
			},
			"StackObjectsCount": 1,
			"NotShownInSlot": false,
			"ExaminedByDefault": false,
			"ExamineTime": 1,
			"IsUndiscardable": false,
			"IsUnsaleable": false,
			"IsUnbuyable": false,
			"IsUngivable": false,
			"IsLockedafterEquip": false,
			"QuestItem": false,
			"LootExperience": 20,
			"ExamineExperience": 3,
			"HideEntrails": false,
			"RepairCost": 0,
			"RepairSpeed": 0,
			"ExtraSizeLeft": 1,
			"ExtraSizeRight": 0,
			"ExtraSizeUp": 0,
			"ExtraSizeDown": 0,
			"ExtraSizeForceAdd": false,
			"MergesWithChildren": true,
			"CanSellOnRagfair": true,
			"CanRequireOnRagfair": true,
			"BannedFromRagfair": false,
			"ConflictingItems": [],
			"FixedPrice": false,
			"Unlootable": false,
			"UnlootableFromSlot": "FirstPrimaryWeapon",
			"UnlootableFromSide": [],
			"ChangePriceCoef": 1,
			"AllowSpawnOnLocations": [],
			"SendToClient": false,
			"AnimationVariantsNumber": 0,
			"DiscardingBlock": false,
			"Grids": [],
			"Slots": [
				{
					"_name": "mod_mount_000",
					"_id": "5d123102d7ad1a004e475fe7",
					"_parent": "5d123102d7ad1a004e475fe5",
					"_props": {
						"filters": [
							{
								"Shift": 0,
								"Filter": [
									"5d123a3cd7ad1a004e476058",
									"5d124c01d7ad1a115c7d59fb"
								]
							}
						]
					},
					"_required": false,
					"_mergeSlotWithChildren": false,
					"_proto": "55d30c4c4bdc2db4468b457e"
				},
				{
					"_name": "mod_mount_001",
					"_id": "5d123102d7ad1a004e475fe8",
					"_parent": "5d123102d7ad1a004e475fe5",
					"_props": {
						"filters": [
							{
								"Shift": 0,
								"Filter": [
									"5d123a3cd7ad1a004e476058",
									"5d124c01d7ad1a115c7d59fb"
								]
							}
						]
					},
					"_required": false,
					"_mergeSlotWithChildren": false,
					"_proto": "55d30c4c4bdc2db4468b457e"
				},
				{
					"_name": "mod_foregrip",
					"_id": "5d123102d7ad1a004e475fea",
					"_parent": "5d123102d7ad1a004e475fe5",
					"_props": {
						"filters": [
							{
								"Shift": 0,
								"Filter": [
									"5d123b7dd7ad1a004f01b262",
									"5d124c1ad7ad1a12227c53a7",
									"5d133067d7ad1a33013f95b4"
								]
							}
						]
					},
					"_required": false,
					"_mergeSlotWithChildren": false,
					"_proto": "55d30c4c4bdc2db4468b457e"
				},
				{
					"_name": "mod_sight_front",
					"_id": "5d123102d7ad1a004e475feb",
					"_parent": "5d123102d7ad1a004e475fe5",
					"_props": {
						"filters": [
							{
								"Shift": 0,
								"Filter": [
									"5ba26b01d4351e0085325a51",
									"5dfa3d950dee1b22f862eae0",
									"5c17804b2e2216152006c02f",
									"5bc09a30d4351e00367fb7c8",
									"5c18b90d2e2216152142466b",
									"5894a73486f77426d259076c"
								]
							}
						]
					},
					"_required": false,
					"_mergeSlotWithChildren": false,
					"_proto": "55d30c4c4bdc2db4468b457e"
				},
				{
					"_name": "mod_tactical_000",
					"_id": "5d123102d7ad1a004e475fec",
					"_parent": "5d123102d7ad1a004e475fe5",
					"_props": {
						"filters": [
							{
								"Shift": 0,
								"Filter": [
									"57fd23e32459772d0805bcf1",
									"544909bb4bdc2d6f028b4577",
									"5d10b49bd7ad1a1a560708b0",
									"5c06595c0db834001a66af6c",
									"5a7b483fe899ef0016170d15",
									"5c5952732e2216398b5abda2",
									"5649a2464bdc2d91118b45a8"
								]
							}
						]
					},
					"_required": false,
					"_mergeSlotWithChildren": false,
					"_proto": "55d30c4c4bdc2db4468b457e"
				},
				{
					"_name": "mod_tactical_001",
					"_id": "5d123102d7ad1a004e475fed",
					"_parent": "5d123102d7ad1a004e475fe5",
					"_props": {
						"filters": [
							{
								"Shift": 0,
								"Filter": [
									"5a800961159bd4315e3a1657",
									"57fd23e32459772d0805bcf1",
									"544909bb4bdc2d6f028b4577",
									"5c06595c0db834001a66af6c",
									"5cc9c20cd7f00c001336c65d",
									"5d2369418abbc306c62e0c80",
									"5b07dd285acfc4001754240d",
									"56def37dd2720bec348b456a",
									"5a7b483fe899ef0016170d15",
									"5a5f1ce64f39f90b401987bc",
									"560d657b4bdc2da74d8b4572",
									"5b3a337e5acfc4704b4a19a0",
									"5c5952732e2216398b5abda2",
									"57d17e212459775a1179a0f5"
								]
							}
						]
					},
					"_required": false,
					"_mergeSlotWithChildren": false,
					"_proto": "55d30c4c4bdc2db4468b457e"
				},
				{
					"_name": "mod_tactical_002",
					"_id": "5d123102d7ad1a004e475fee",
					"_parent": "5d123102d7ad1a004e475fe5",
					"_props": {
						"filters": [
							{
								"Shift": 0,
								"Filter": [
									"5a800961159bd4315e3a1657",
									"57fd23e32459772d0805bcf1",
									"544909bb4bdc2d6f028b4577",
									"5c06595c0db834001a66af6c",
									"5cc9c20cd7f00c001336c65d",
									"5d2369418abbc306c62e0c80",
									"5b07dd285acfc4001754240d",
									"56def37dd2720bec348b456a",
									"5a7b483fe899ef0016170d15",
									"5a5f1ce64f39f90b401987bc",
									"560d657b4bdc2da74d8b4572",
									"5b3a337e5acfc4704b4a19a0",
									"5c5952732e2216398b5abda2",
									"57d17e212459775a1179a0f5"
								]
							}
						]
					},
					"_required": false,
					"_mergeSlotWithChildren": false,
					"_proto": "55d30c4c4bdc2db4468b457e"
				},
				{
					"_name": "mod_tactical_003",
					"_id": "5d123102d7ad1a004e475fef",
					"_parent": "5d123102d7ad1a004e475fe5",
					"_props": {
						"filters": [
							{
								"Shift": 0,
								"Filter": [
									"5a800961159bd4315e3a1657",
									"57fd23e32459772d0805bcf1",
									"544909bb4bdc2d6f028b4577",
									"5c06595c0db834001a66af6c",
									"5cc9c20cd7f00c001336c65d",
									"5d2369418abbc306c62e0c80",
									"5b07dd285acfc4001754240d",
									"56def37dd2720bec348b456a",
									"5a7b483fe899ef0016170d15",
									"5a5f1ce64f39f90b401987bc",
									"560d657b4bdc2da74d8b4572",
									"5b3a337e5acfc4704b4a19a0",
									"5c5952732e2216398b5abda2",
									"57d17e212459775a1179a0f5"
								]
							}
						]
					},
					"_required": false,
					"_mergeSlotWithChildren": false,
					"_proto": "55d30c4c4bdc2db4468b457e"
				}
			],
			"CanPutIntoDuringTheRaid": true,
			"CantRemoveFromSlotsDuringRaid": [],
			"Durability": 100,
			"Accuracy": 0,
			"Recoil": 0,
			"Loudness": 0,
			"EffectiveDistance": 0,
			"Ergonomics": 15,
			"Velocity": 0,
			"RaidModdable": false,
			"ToolModdable": true,
			"BlocksFolding": false,
			"BlocksCollapsible": false,
			"IsAnimated": false,
			"HasShoulderContact": false,
			"SightingRange": 0
		},
		"_proto": "55d459824bdc2d892f8b4573"
	}