{
		"_id": "mcxbarrel",
		"_name": "mcxbarrel",
		"_parent": "555ef6e44bdc2de9068b457e",
		"_type": "Item",
		"_props": {
			"Name": "mcxbarrel",
			"ShortName": "mcxbarrel",
			"Description": "mcxbarrel",
			"Weight": 0.18,
			"BackgroundColor": "blue",
			"Width": 2,
			"Height": 1,
			"StackMaxSize": 1,
			"Rarity": "Rare",
			"SpawnChance": 3,
			"CreditsPrice": 5619,
			"ItemSound": "mod",
			"Prefab": {
				"path": "assets/content/items/mods/barrels/barrel_mpx_165mm_ported.bundle",
				"rcid": ""
			},
			"UsePrefab": {
				"path": "",
				"rcid": ""
			},
			"StackObjectsCount": 1,
			"NotShownInSlot": false,
			"ExaminedByDefault": false,
			"ExamineTime": 1,
			"IsUndiscardable": false,
			"IsUnsaleable": false,
			"IsUnbuyable": false,
			"IsUngivable": false,
			"IsLockedafterEquip": false,
			"QuestItem": false,
			"LootExperience": 20,
			"ExamineExperience": 6,
			"HideEntrails": false,
			"RepairCost": 0,
			"RepairSpeed": 0,
			"ExtraSizeLeft": 1,
			"ExtraSizeRight": 0,
			"ExtraSizeUp": 0,
			"ExtraSizeDown": 0,
			"ExtraSizeForceAdd": false,
			"MergesWithChildren": true,
			"CanSellOnRagfair": true,
			"CanRequireOnRagfair": true,
			"BannedFromRagfair": false,
			"ConflictingItems": [
				"5c59529a2e221602b177d160",
				"5c5db6302e2216000e5e47f0",
				"5c5db63a2e2216000f1b284a"
			],
			"FixedPrice": false,
			"Unlootable": false,
			"UnlootableFromSlot": "FirstPrimaryWeapon",
			"UnlootableFromSide": [],
			"ChangePriceCoef": 1,
			"AllowSpawnOnLocations": [],
			"SendToClient": false,
			"AnimationVariantsNumber": 0,
			"DiscardingBlock": false,
			"Grids": [],
			"Slots": [
				{
					"_name": "mod_muzzle",
					"_id": "58aeaaa886f7744fc1560f82",
					"_parent": "58aeaaa886f7744fc1560f81",
					"_props": {
						"filters": [
							{
								"Shift": 0,
								"Filter": [
									"mcxsuppressor"
								]
							}
						]
					},
					"_required": false,
					"_mergeSlotWithChildren": false,
					"_proto": "55d30c4c4bdc2db4468b457e"
				}
			],
			"CanPutIntoDuringTheRaid": true,
			"CantRemoveFromSlotsDuringRaid": [],
			"Durability": 100,
			"Accuracy": 0,
			"Recoil": -2,
			"Loudness": 0,
			"EffectiveDistance": 0,
			"Ergonomics": -1,
			"Velocity": -16.31,
			"RaidModdable": false,
			"ToolModdable": true,
			"BlocksFolding": false,
			"BlocksCollapsible": false,
			"IsAnimated": false,
			"HasShoulderContact": false,
			"SightingRange": 0,
			"CenterOfImpact": 0.18,
			"ShotgunDispersion": 1,
			"IsSilencer": false
		},
		"_proto": "55d35ee94bdc2d61338b4568"
	}