{
		"_id": "mcxbarreldrop3",
		"_name": "mcxbarreldrop3",
		"_parent": "55818b224bdc2dde698b456f",
		"_type": "Item",
		"_props": {
			"Name": "mcxbarreldrop3",
			"ShortName": "mcxbarreldrop3",
			"Description": "mcxbarreldrop3",
			"Weight": 0.096,
			"BackgroundColor": "blue",
			"Width": 1,
			"Height": 1,
			"StackMaxSize": 1,
			"Rarity": "Rare",
			"SpawnChance": 3,
			"CreditsPrice": 2588,
			"ItemSound": "mod",
			"Prefab": {
				"path": "assets/content/items/equipment/customizable/nvg_wilcox_pvs7_adapter/nvg_wilcox_pvs7_adapter.bundle",
				"rcid": ""
			},
			"UsePrefab": {
				"path": "",
				"rcid": ""
			},
			"StackObjectsCount": 1,
			"NotShownInSlot": false,
			"ExaminedByDefault": false,
			"ExamineTime": 1,
			"IsUndiscardable": false,
			"IsUnsaleable": false,
			"IsUnbuyable": false,
			"IsUngivable": false,
			"IsLockedafterEquip": false,
			"QuestItem": false,
			"LootExperience": 10,
			"ExamineExperience": 3,
			"HideEntrails": false,
			"RepairCost": 0,
			"RepairSpeed": 0,
			"ExtraSizeLeft": 0,
			"ExtraSizeRight": 0,
			"ExtraSizeUp": 0,
			"ExtraSizeDown": 0,
			"ExtraSizeForceAdd": false,
			"MergesWithChildren": true,
			"CanSellOnRagfair": true,
			"CanRequireOnRagfair": true,
			"BannedFromRagfair": false,
			"ConflictingItems": [],
			"FixedPrice": false,
			"Unlootable": false,
			"UnlootableFromSlot": "FirstPrimaryWeapon",
			"UnlootableFromSide": [],
			"ChangePriceCoef": 1,
			"AllowSpawnOnLocations": [],
			"SendToClient": false,
			"AnimationVariantsNumber": 0,
			"DiscardingBlock": false,
			"Grids": [],
			"Slots": [
				{
					"_name": "mod_nvg",
					"_id": "5c11046cd174af02a012e42d",
					"_parent": "5c11046cd174af02a012e42b",
					"_props": {
						"filters": [
							{
								"Shift": 0,
								"Filter": [
									"mcxbarrel"
								]
							}
						]
					},
					"_required": true,
					"_mergeSlotWithChildren": false,
					"_proto": "55d30c4c4bdc2db4468b457e"
				}
				
			],
			"CanPutIntoDuringTheRaid": true,
			"CantRemoveFromSlotsDuringRaid": [],
			"Durability": 100,
			"Accuracy": 0,
			"Recoil": 0,
			"Loudness": 0,
			"EffectiveDistance": 0,
			"Ergonomics": -1,
			"Velocity": 0,
			"RaidModdable": true,
			"ToolModdable": false,
			"BlocksFolding": false,
			"BlocksCollapsible": false,
			"IsAnimated": false,
			"HasShoulderContact": false,
			"SightingRange": 0
		},
		"_proto": "55d48c344bdc2d8b2f8b456b"
	}