{
		"_id": "mcxhandguard",
		"_name": "mcxhandguard",
		"_parent": "55818a104bdc2db9688b4569",
		"_type": "Item",
		"_props": {
			"Name": "mcxhandguard",
			"ShortName": "mcxhandguard",
			"Description": "mcxhandguard",
			"Weight": 0.209,
			"BackgroundColor": "blue",
			"Width": 2,
			"Height": 1,
			"StackMaxSize": 1,
			"Rarity": "Rare",
			"SpawnChance": 2,
			"CreditsPrice": 14500,
			"ItemSound": "mod",
			"Prefab": {
				"path": "assets/content/items/mods/handguards/handguard_ar15_stngr_vypr_m_lok_10_inch.bundle",
				"rcid": ""
			},
			"UsePrefab": {
				"path": "",
				"rcid": ""
			},
			"StackObjectsCount": 1,
			"NotShownInSlot": false,
			"ExaminedByDefault": false,
			"ExamineTime": 1,
			"IsUndiscardable": false,
			"IsUnsaleable": false,
			"IsUnbuyable": false,
			"IsUngivable": false,
			"IsLockedafterEquip": false,
			"QuestItem": false,
			"LootExperience": 20,
			"ExamineExperience": 3,
			"HideEntrails": false,
			"RepairCost": 0,
			"RepairSpeed": 0,
			"ExtraSizeLeft": 1,
			"ExtraSizeRight": 0,
			"ExtraSizeUp": 0,
			"ExtraSizeDown": 0,
			"ExtraSizeForceAdd": false,
			"MergesWithChildren": true,
			"CanSellOnRagfair": true,
			"CanRequireOnRagfair": true,
			"BannedFromRagfair": false,
			"ConflictingItems": [
				"5a34fbadc4a28200741e230a",
				"5ae30e795acfc408fb139a0b",
				"56ea8d2fd2720b7c698b4570"
			],
			"FixedPrice": false,
			"Unlootable": false,
			"UnlootableFromSlot": "FirstPrimaryWeapon",
			"UnlootableFromSide": [],
			"ChangePriceCoef": 1,
			"AllowSpawnOnLocations": [],
			"SendToClient": false,
			"AnimationVariantsNumber": 0,
			"DiscardingBlock": false,
			"Grids": [],
			"Slots": [
				{
					"_name": "mod_mount_000",
					"_id": "5c6d5d8b2e221644fc630b3b",
					"_parent": "5c6d5d8b2e221644fc630b39",
					"_props": {
						"filters": [
							{
								"Shift": 0,
								"Filter": [
									"5b7be47f5acfc400170e2dd2"
								]
							}
						]
					},
					"_required": false,
					"_mergeSlotWithChildren": false,
					"_proto": "55d30c4c4bdc2db4468b457e"
				},
				{
					"_name": "mod_mount_001",
					"_id": "5c6d5d8b2e221644fc630b3c",
					"_parent": "5c6d5d8b2e221644fc630b39",
					"_props": {
						"filters": [
							{
								"Shift": 0,
								"Filter": [
									"5b7be47f5acfc400170e2dd2"
								]
							}
						]
					},
					"_required": false,
					"_mergeSlotWithChildren": false,
					"_proto": "55d30c4c4bdc2db4468b457e"
				},
				{
					"_name": "mod_mount_002",
					"_id": "5c6d5d8b2e221644fc630b3d",
					"_parent": "5c6d5d8b2e221644fc630b39",
					"_props": {
						"filters": [
							{
								"Shift": 0,
								"Filter": [
									"5b7be47f5acfc400170e2dd2"
								]
							}
						]
					},
					"_required": false,
					"_mergeSlotWithChildren": false,
					"_proto": "55d30c4c4bdc2db4468b457e"
				},
				{
					"_name": "mod_tactical",
					"_id": "5c6d5d8b2e221644fc630b3e",
					"_parent": "5c6d5d8b2e221644fc630b39",
					"_props": {
						"filters": [
							{
								"Shift": 0,
								"Filter": [
									"57fd23e32459772d0805bcf1",
									"544909bb4bdc2d6f028b4577",
									"5d10b49bd7ad1a1a560708b0",
									"5c06595c0db834001a66af6c",
									"5a7b483fe899ef0016170d15",
									"5c5952732e2216398b5abda2"
								]
							}
						]
					},
					"_required": false,
					"_mergeSlotWithChildren": false,
					"_proto": "55d30c4c4bdc2db4468b457e"
				},
				{
					"_name": "mod_scope",
					"_id": "5c6d5d8b2e221644fc630b3f",
					"_parent": "5c6d5d8b2e221644fc630b39",
					"_props": {
						"filters": [
							{
								"Shift": 0,
								"Filter": [
									"5649a2464bdc2d91118b45a8"
								]
							}
						]
					},
					"_required": false,
					"_mergeSlotWithChildren": false,
					"_proto": "55d30c4c4bdc2db4468b457e"
				},
				{
					"_name": "mod_foregrip",
					"_id": "5c6d5d8b2e221644fc630b40",
					"_parent": "5c6d5d8b2e221644fc630b39",
					"_props": {
						"filters": [
							{
								"Shift": 0,
								"Filter": [
									"57cffb66245977632f391a99",
									"57cffcd624597763133760c5",
									"57cffcdd24597763f5110006",
									"57cffce524597763b31685d8",
									"5b7be4895acfc400170e2dd5"
								]
							}
						]
					},
					"_required": false,
					"_mergeSlotWithChildren": false,
					"_proto": "55d30c4c4bdc2db4468b457e"
				},
				{
					"_name": "mod_sight_front",
					"_id": "5c6d5d8b2e221644fc630b41",
					"_parent": "5c6d5d8b2e221644fc630b39",
					"_props": {
						"filters": [
							{
								"Shift": 0,
								"Filter": [
									"5ba26b01d4351e0085325a51",
									"5dfa3d950dee1b22f862eae0",
									"5c17804b2e2216152006c02f",
									"5bc09a30d4351e00367fb7c8",
									"5c18b90d2e2216152142466b",
									"5894a73486f77426d259076c"
								]
							}
						]
					},
					"_required": false,
					"_mergeSlotWithChildren": false,
					"_proto": "55d30c4c4bdc2db4468b457e"
				}
			],
			"CanPutIntoDuringTheRaid": true,
			"CantRemoveFromSlotsDuringRaid": [],
			"Durability": 100,
			"Accuracy": 0,
			"Recoil": -1,
			"Loudness": 0,
			"EffectiveDistance": 0,
			"Ergonomics": 8,
			"Velocity": 0,
			"RaidModdable": false,
			"ToolModdable": true,
			"BlocksFolding": false,
			"BlocksCollapsible": false,
			"IsAnimated": false,
			"HasShoulderContact": false,
			"SightingRange": 0
		},
		"_proto": "55d459824bdc2d892f8b4573"
	}