{
		"_id": "mcxhandguardraiser2",
		"_name": "mcxhandguardraiser2",
		"_parent": "55818b224bdc2dde698b456f",
		"_type": "Item",
		"_props": {
			"Name": "mcxhandguardraiser2",
			"ShortName": "mcxhandguardraiser2",
			"Description": "mcxhandguardraiser2",
			"Weight": 0.27,
			"BackgroundColor": "blue",
			"Width": 1,
			"Height": 1,
			"StackMaxSize": 1,
			"Rarity": "Rare",
			"SpawnChance": 2,
			"CreditsPrice": 1000,
			"ItemSound": "mod",
			"Prefab": {
				"path": "assets/content/items/mods/mounts/mount_m_lok_magpul_2,5_inch_picatinny_rail_section.bundle",
				"rcid": ""
			},
			"UsePrefab": {
				"path": "",
				"rcid": ""
			},
			"StackObjectsCount": 1,
			"NotShownInSlot": false,
			"ExaminedByDefault": false,
			"ExamineTime": 1,
			"IsUndiscardable": false,
			"IsUnsaleable": false,
			"IsUnbuyable": false,
			"IsUngivable": false,
			"IsLockedafterEquip": false,
			"QuestItem": false,
			"LootExperience": 10,
			"ExamineExperience": 5,
			"HideEntrails": false,
			"RepairCost": 0,
			"RepairSpeed": 0,
			"ExtraSizeLeft": 0,
			"ExtraSizeRight": 0,
			"ExtraSizeUp": 0,
			"ExtraSizeDown": 0,
			"ExtraSizeForceAdd": false,
			"MergesWithChildren": true,
			"CanSellOnRagfair": true,
			"CanRequireOnRagfair": true,
			"BannedFromRagfair": false,
			"ConflictingItems": [],
			"FixedPrice": false,
			"Unlootable": false,
			"UnlootableFromSlot": "FirstPrimaryWeapon",
			"UnlootableFromSide": [],
			"ChangePriceCoef": 1,
			"AllowSpawnOnLocations": [],
			"SendToClient": false,
			"AnimationVariantsNumber": 0,
			"DiscardingBlock": false,
			"Grids": [],
			"Slots": [
			{
					"_name": "mod_tactical",
					"_id": "5b7be47f5acfc400170e2dd4",
					"_parent": "5b7be47f5acfc400170e2dd2",
					"_props": {
						"filters": [
							{
								"Shift": 0,
								"Filter": [
									"mcxhandguard"
								]
							}
						]
					},
					"_required": true,
					"_mergeSlotWithChildren": false,
					"_proto": "55d30c4c4bdc2db4468b457e"
				}
			],
			"CanPutIntoDuringTheRaid": true,
			"CantRemoveFromSlotsDuringRaid": [],
			"Durability": 100,
			"Accuracy": 0,
			"Recoil": 0,
			"Loudness": 0,
			"EffectiveDistance": 0,
			"Ergonomics": -1,
			"Velocity": 0,
			"RaidModdable": true,
			"ToolModdable": true,
			"BlocksFolding": false,
			"BlocksCollapsible": false,
			"IsAnimated": false,
			"HasShoulderContact": false,
			"SightingRange": 0
		},
		"_proto": "55f96d6f4bdc2d5f408b4578"
	}