{
		"_id": "mcxstock",
		"_name": "mcxstock",
		"_parent": "55818a594bdc2db9688b456a",
		"_type": "Item",
		"_props": {
			"Name": "mcxstock",
			"ShortName": "mcxstock",
			"Description": "mcxstock",
			"Weight": 0.462,
			"BackgroundColor": "blue",
			"Width": 2,
			"Height": 1,
			"StackMaxSize": 1,
			"Rarity": "Rare",
			"SpawnChance": 3,
			"CreditsPrice": 6230,
			"ItemSound": "mod",
			"Prefab": {
				"path": "assets/content/items/mods/stocks/stock_mpx_pmm_ulss.bundle",
				"rcid": ""
			},
			"UsePrefab": {
				"path": "",
				"rcid": ""
			},
			"StackObjectsCount": 1,
			"NotShownInSlot": false,
			"ExaminedByDefault": false,
			"ExamineTime": 1,
			"IsUndiscardable": false,
			"IsUnsaleable": false,
			"IsUnbuyable": false,
			"IsUngivable": false,
			"IsLockedafterEquip": false,
			"QuestItem": false,
			"LootExperience": 10,
			"ExamineExperience": 2,
			"HideEntrails": false,
			"RepairCost": 0,
			"RepairSpeed": 0,
			"ExtraSizeLeft": 0,
			"ExtraSizeRight": 1,
			"ExtraSizeUp": 0,
			"ExtraSizeDown": 0,
			"ExtraSizeForceAdd": false,
			"MergesWithChildren": true,
			"CanSellOnRagfair": true,
			"CanRequireOnRagfair": true,
			"BannedFromRagfair": false,
			"ConflictingItems": [],
			"FixedPrice": false,
			"Unlootable": false,
			"UnlootableFromSlot": "FirstPrimaryWeapon",
			"UnlootableFromSide": [],
			"ChangePriceCoef": 1,
			"AllowSpawnOnLocations": [],
			"SendToClient": false,
			"AnimationVariantsNumber": 0,
			"DiscardingBlock": false,
			"Grids": [],
			"Slots": [],
			"CanPutIntoDuringTheRaid": true,
			"CantRemoveFromSlotsDuringRaid": [],
			"Durability": 100,
			"Accuracy": 0,
			"Recoil": -43,
			"Loudness": 0,
			"EffectiveDistance": 0,
			"Ergonomics": 2,
			"Velocity": 0,
			"RaidModdable": true,
			"ToolModdable": true,
			"BlocksFolding": false,
			"BlocksCollapsible": false,
			"IsAnimated": true,
			"HasShoulderContact": true,
			"SightingRange": 0,
			"IsShoulderContact": true,
			"Foldable": false,
			"Retractable": false,
			"SizeReduceRight": 0
		},
		"_proto": "5649b0fc4bdc2d17108b4588"
	}