{
		"_id": "mcxsuppressor",
		"_name": "mcxsuppressor",
		"_parent": "550aa4cd4bdc2dd8348b456c",
		"_type": "Item",
		"_props": {
			"Name": "mcxsuppressor",
			"ShortName": "mcxsuppressor",
			"Description": "mcxsuppressor",
			"Weight": 0.9,
			"BackgroundColor": "blue",
			"Width": 2,
			"Height": 1,
			"StackMaxSize": 1,
			"Rarity": "Rare",
			"SpawnChance": 1,
			"CreditsPrice": 33000,
			"ItemSound": "mod",
			"Prefab": {
				"path": "assets/content/items/mods/silencers/silencer_all_sig_srd_9_9x19.bundle",
				"rcid": ""
			},
			"UsePrefab": {
				"path": "",
				"rcid": ""
			},
			"StackObjectsCount": 1,
			"NotShownInSlot": false,
			"ExaminedByDefault": false,
			"ExamineTime": 1,
			"IsUndiscardable": false,
			"IsUnsaleable": false,
			"IsUnbuyable": false,
			"IsUngivable": false,
			"IsLockedafterEquip": false,
			"QuestItem": false,
			"LootExperience": 30,
			"ExamineExperience": 4,
			"HideEntrails": false,
			"RepairCost": 0,
			"RepairSpeed": 0,
			"ExtraSizeLeft": 1,
			"ExtraSizeRight": 0,
			"ExtraSizeUp": 0,
			"ExtraSizeDown": 0,
			"ExtraSizeForceAdd": false,
			"MergesWithChildren": true,
			"CanSellOnRagfair": true,
			"CanRequireOnRagfair": true,
			"BannedFromRagfair": false,
			"ConflictingItems": [],
			"FixedPrice": false,
			"Unlootable": false,
			"UnlootableFromSlot": "FirstPrimaryWeapon",
			"UnlootableFromSide": [],
			"ChangePriceCoef": 1,
			"AllowSpawnOnLocations": [],
			"SendToClient": false,
			"AnimationVariantsNumber": 0,
			"DiscardingBlock": false,
			"Grids": [],
			"Slots": [],
			"CanPutIntoDuringTheRaid": true,
			"CantRemoveFromSlotsDuringRaid": [],
			"Durability": 100,
			"Accuracy": -2,
			"Recoil": -5,
			"Loudness": 0,
			"EffectiveDistance": 0,
			"Ergonomics": -11,
			"Velocity": 0.75,
			"RaidModdable": true,
			"ToolModdable": false,
			"BlocksFolding": false,
			"BlocksCollapsible": false,
			"IsAnimated": false,
			"HasShoulderContact": false,
			"SightingRange": 0,
			"muzzleModType": "pms"
		},
		"_proto": "55d614004bdc2d86028b4568"
	}