{
		"_id": "ppgunshroud",
		"_name": "ppgunshroud",
		"_parent": "55818b224bdc2dde698b456f",
		"_type": "Item",
		"_props": {
			"Name": "ppgunshroud",
			"ShortName": "ppgunshroud",
			"Description": "ppgunshroud",
			"Weight": 0.45,
			"BackgroundColor": "blue",
			"Width": 3,
			"Height": 1,
			"StackMaxSize": 1,
			"Rarity": "Rare",
			"SpawnChance": 3,
			"CreditsPrice": 5900,
			"ItemSound": "mod",
			"Prefab": {
				"path": "assets/content/items/mods/mounts/mount_590_bat_rb7m.bundle",
				"rcid": ""
			},
			"UsePrefab": {
				"path": "",
				"rcid": ""
			},
			"StackObjectsCount": 1,
			"NotShownInSlot": false,
			"ExaminedByDefault": false,
			"ExamineTime": 1,
			"IsUndiscardable": false,
			"IsUnsaleable": false,
			"IsUnbuyable": false,
			"IsUngivable": false,
			"IsLockedafterEquip": false,
			"QuestItem": false,
			"LootExperience": 10,
			"ExamineExperience": 3,
			"HideEntrails": false,
			"RepairCost": 0,
			"RepairSpeed": 0,
			"ExtraSizeLeft": 0,
			"ExtraSizeRight": 0,
			"ExtraSizeUp": 0,
			"ExtraSizeDown": 0,
			"ExtraSizeForceAdd": false,
			"MergesWithChildren": true,
			"CanSellOnRagfair": true,
			"CanRequireOnRagfair": true,
			"BannedFromRagfair": false,
			"ConflictingItems": [],
			"FixedPrice": false,
			"Unlootable": false,
			"UnlootableFromSlot": "FirstPrimaryWeapon",
			"UnlootableFromSide": [],
			"ChangePriceCoef": 1,
			"AllowSpawnOnLocations": [],
			"SendToClient": false,
			"AnimationVariantsNumber": 0,
			"DiscardingBlock": false,
			"Grids": [],
			"Slots": [
				{
					"_name": "mod_scope",
					"_id": "5eeb2ff5ea4f8b73c827350d",
					"_parent": "5eeb2ff5ea4f8b73c827350b",
					"_props": {
						"filters": [
							{
								"Shift": 0,
								"Filter": [
									"57ac965c24597706be5f975c",
									"57aca93d2459771f2c7e26db",
									"544a3a774bdc2d3a388b4567",
									"5d2dc3e548f035404a1a4798",
									"57adff4f24597737f373b6e6",
									"5c0517910db83400232ffee5",
									"591c4efa86f7741030027726",
									"570fd79bd2720bc7458b4583",
									"570fd6c2d2720bc6458b457f",
									"558022b54bdc2dac148b458d",
									"5c07dd120db834001c39092d",
									"5c0a2cec0db834001b7ce47d",
									"58491f3324597764bc48fa02",
									"584924ec24597768f12ae244",
									"5b30b0dc5acfc400153b7124",
									"5d2da1e948f035477b1ce2ba",
									"5c0505e00db834001b735073",
									"584984812459776a704a82a6",
									"59f9d81586f7744c7506ee62",
									"570fd721d2720bc5458b4596",
									"57ae0171245977343c27bfcf",
									"5dfe6104585a0c3e995c7b82",
									"5d1b5e94d7ad1a2b865a96b0",
									"58d39d3d86f77445bb794ae7",
									"5c7d55f52e221644f31bff6a",
									"5b3b6dc75acfc47a8773fb1e",
									"5b2389515acfc4771e1be0c0",
									"577d128124597739d65d0e56",
									"5c86592b2e2216000e69e77c",
									"5a37ca54c4a282000d72296a",
									"58d2664f86f7747fec5834f6",
									"57c69dd424597774c03b7bbc",
									"5b3b99265acfc4704b4a1afb",
									"5aa66a9be5b5b0214e506e89",
									"5aa66c72e5b5b00016327c93",
									"5c1cdd302e221602b3137250",
									"5b31163c5acfc400153b71cb",
									"5a33b652c4a28232996e407c",
									"5a33b2c9c4a282000c5a9511",
									"59db7eed86f77461f8380365",
									"5a1ead28fcdbcb001912fa9f",
									"5dff77c759400025ea5150cf"
								]
							}
						]
					},
					"_required": false,
					"_mergeSlotWithChildren": false,
					"_proto": "55d30c4c4bdc2db4468b457e"
				},
				{
					"_name": "mod_tactical_001",
					"_id": "5eeb2ff5ea4f8b73c827350f",
					"_parent": "5eeb2ff5ea4f8b73c827350b",
					"_props": {
						"filters": [
							{
								"Shift": 0,
								"Filter": [
									"5a800961159bd4315e3a1657",
									"57fd23e32459772d0805bcf1",
									"544909bb4bdc2d6f028b4577",
									"5d10b49bd7ad1a1a560708b0",
									"5c06595c0db834001a66af6c",
									"5cc9c20cd7f00c001336c65d",
									"5d2369418abbc306c62e0c80",
									"5b07dd285acfc4001754240d",
									"56def37dd2720bec348b456a",
									"5a7b483fe899ef0016170d15",
									"5a5f1ce64f39f90b401987bc",
									"560d657b4bdc2da74d8b4572",
									"5b3a337e5acfc4704b4a19a0",
									"5c5952732e2216398b5abda2",
									"57d17e212459775a1179a0f5"
								]
							}
						]
					},
					"_required": false,
					"_mergeSlotWithChildren": false,
					"_proto": "55d30c4c4bdc2db4468b457e"
				},
				{
					"_name": "mod_tactical_002",
					"_id": "5eff475295cf7c48714a4f52",
					"_parent": "5eeb2ff5ea4f8b73c827350b",
					"_props": {
						"filters": [
							{
								"Shift": 0,
								"Filter": [
									"5a800961159bd4315e3a1657",
									"57fd23e32459772d0805bcf1",
									"544909bb4bdc2d6f028b4577",
									"5d10b49bd7ad1a1a560708b0",
									"5c06595c0db834001a66af6c",
									"5cc9c20cd7f00c001336c65d",
									"5d2369418abbc306c62e0c80",
									"5b07dd285acfc4001754240d",
									"56def37dd2720bec348b456a",
									"5a7b483fe899ef0016170d15",
									"5a5f1ce64f39f90b401987bc",
									"560d657b4bdc2da74d8b4572",
									"5b3a337e5acfc4704b4a19a0",
									"5c5952732e2216398b5abda2",
									"57d17e212459775a1179a0f5"
								]
							}
						]
					},
					"_required": false,
					"_mergeSlotWithChildren": false,
					"_proto": "55d30c4c4bdc2db4468b457e"
				},
				{
					"_name": "mod_tactical_003",
					"_id": "5eff475e27176e46940ce1b3",
					"_parent": "5eeb2ff5ea4f8b73c827350b",
					"_props": {
						"filters": [
							{
								"Shift": 0,
								"Filter": [
									"5a800961159bd4315e3a1657",
									"57fd23e32459772d0805bcf1",
									"544909bb4bdc2d6f028b4577",
									"5d10b49bd7ad1a1a560708b0",
									"5c06595c0db834001a66af6c",
									"5cc9c20cd7f00c001336c65d",
									"5d2369418abbc306c62e0c80",
									"5b07dd285acfc4001754240d",
									"56def37dd2720bec348b456a",
									"5a7b483fe899ef0016170d15",
									"5a5f1ce64f39f90b401987bc",
									"560d657b4bdc2da74d8b4572",
									"5b3a337e5acfc4704b4a19a0",
									"5c5952732e2216398b5abda2",
									"57d17e212459775a1179a0f5"
								]
							}
						]
					},
					"_required": false,
					"_mergeSlotWithChildren": false,
					"_proto": "55d30c4c4bdc2db4468b457e"
				}
			],
			"CanPutIntoDuringTheRaid": true,
			"CantRemoveFromSlotsDuringRaid": [],
			"Durability": 100,
			"Accuracy": 0,
			"Recoil": -2,
			"Loudness": 0,
			"EffectiveDistance": 0,
			"Ergonomics": -2,
			"Velocity": 0,
			"RaidModdable": false,
			"ToolModdable": true,
			"BlocksFolding": false,
			"BlocksCollapsible": false,
			"IsAnimated": false,
			"HasShoulderContact": false,
			"SightingRange": 0
		},
		"_proto": "57a3459f245977764a01f703"
	}