{
		"_id": "ppgununderreciver",
		"_name": "ppgununderreciver",
		"_parent": "55818a304bdc2db5418b457d",
		"_type": "Item",
		"_props": {
			"Name": "ppgununderreciver",
			"ShortName": "ppgununderreciver",
			"Description": "ppgununderreciver",
			"Weight": 0.237,
			"BackgroundColor": "blue",
			"Width": 2,
			"Height": 1,
			"StackMaxSize": 1,
			"Rarity": "Rare",
			"SpawnChance": 3,
			"CreditsPrice": 5500,
			"ItemSound": "mod",
			"Prefab": {
				"path": "assets/content/items/mods/recievers/reciever_ak_akademia_bastion.bundle",
				"rcid": ""
			},
			"UsePrefab": {
				"path": "",
				"rcid": ""
			},
			"StackObjectsCount": 1,
			"NotShownInSlot": false,
			"ExaminedByDefault": false,
			"ExamineTime": 1,
			"IsUndiscardable": false,
			"IsUnsaleable": false,
			"IsUnbuyable": false,
			"IsUngivable": false,
			"IsLockedafterEquip": false,
			"QuestItem": false,
			"LootExperience": 10,
			"ExamineExperience": 2,
			"HideEntrails": false,
			"RepairCost": 0,
			"RepairSpeed": 0,
			"ExtraSizeLeft": 0,
			"ExtraSizeRight": 0,
			"ExtraSizeUp": 0,
			"ExtraSizeDown": 0,
			"ExtraSizeForceAdd": false,
			"MergesWithChildren": true,
			"CanSellOnRagfair": true,
			"CanRequireOnRagfair": true,
			"BannedFromRagfair": false,
			"ConflictingItems": [
				"5947db3f86f77447880cf76f",
				"57486e672459770abd687134",
				"5ac733a45acfc400192630e2",
				"5649b0544bdc2d1b2b8b458a",
				"5ac72e475acfc400180ae6fe",
				"59d650cf86f7741b846413a4",
				"5a0eb980fcdbcb001a3b00a6",
				"59e8977386f77415a553c453",
				"5649d9a14bdc2d79388b4580",
				"5c82342f2e221644f31c060e",
				"576fd4ec2459777f0b518431",
				"5c82343a2e221644f31c0611",
				"5cf638cbd7f00c06595bc936",
				"5a7c74b3e899ef0014332c29",
				"591ee00d86f774592f7b841e",
				"5d0a29ead7ad1a0026013f27",
				"57acb6222459771ec34b5cb0",
				"5c61a40d2e2216001403158d",
				"5c90c3622e221601da359851"
			],
			"FixedPrice": false,
			"Unlootable": false,
			"UnlootableFromSlot": "FirstPrimaryWeapon",
			"UnlootableFromSide": [],
			"ChangePriceCoef": 1,
			"AllowSpawnOnLocations": [],
			"SendToClient": false,
			"AnimationVariantsNumber": 0,
			"DiscardingBlock": false,
			"Grids": [],
			"Slots": [
				{
					"_name": "mod_scope",
					"_id": "5d2c76ed48f03532f213616b",
					"_parent": "5d2c76ed48f03532f2136169",
					"_props": {
						"filters": [
							{
								"Shift": 0,
								"Filter": [
									"55818af64bdc2d5b648b4570"
								]
							}
						]
					},
					"_required": false,
					"_mergeSlotWithChildren": false,
					"_proto": "55d30c4c4bdc2db4468b457e"
				}
			],
			"CanPutIntoDuringTheRaid": true,
			"CantRemoveFromSlotsDuringRaid": [],
			"Durability": 100,
			"Accuracy": -2,
			"Recoil": 0,
			"Loudness": 0,
			"EffectiveDistance": 0,
			"Ergonomics": 5,
			"Velocity": 0,
			"RaidModdable": false,
			"ToolModdable": true,
			"BlocksFolding": false,
			"BlocksCollapsible": false,
			"IsAnimated": false,
			"HasShoulderContact": false,
			"SightingRange": 0
		},
		"_proto": "5649af094bdc2df8348b4586"
	}