{
		"_id": "ppgun",
		"_name": "ppgun",
		"_parent": "5447b5e04bdc2d62278b4567",
		"_type": "Item",
		"_props": {
			"Name": "ppgun",
			"ShortName": "ppgun",
			"Description": "ppgun",
			"Weight": 1.01,
			"BackgroundColor": "black",
			"Width": 1,
			"Height": 1,
			"StackMaxSize": 1,
			"Rarity": "Common",
			"SpawnChance": 3,
			"CreditsPrice": 10251,
			"ItemSound": "weap_ar",
			"Prefab": {
				"path": "assets/content/weapons/ppsh41/weapon_zis_ppsh41_762x25_container.bundle",
				"rcid": ""
			},
			"UsePrefab": {
				"path": "",
				"rcid": ""
			},
			"StackObjectsCount": 1,
			"NotShownInSlot": false,
			"ExaminedByDefault": false,
			"ExamineTime": 1,
			"IsUndiscardable": false,
			"IsUnsaleable": false,
			"IsUnbuyable": false,
			"IsUngivable": false,
			"IsLockedafterEquip": false,
			"QuestItem": false,
			"LootExperience": 30,
			"ExamineExperience": 8,
			"HideEntrails": false,
			"RepairCost": 75,
			"RepairSpeed": 15,
			"ExtraSizeLeft": 0,
			"ExtraSizeRight": 0,
			"ExtraSizeUp": 0,
			"ExtraSizeDown": 0,
			"ExtraSizeForceAdd": false,
			"MergesWithChildren": true,
			"CanSellOnRagfair": true,
			"CanRequireOnRagfair": true,
			"BannedFromRagfair": false,
			"ConflictingItems": [],
			"FixedPrice": false,
			"Unlootable": false,
			"UnlootableFromSlot": "FirstPrimaryWeapon",
			"UnlootableFromSide": [],
			"ChangePriceCoef": 1,
			"AllowSpawnOnLocations": [],
			"SendToClient": false,
			"AnimationVariantsNumber": 0,
			"DiscardingBlock": false,
			"Grids": [],
			"Slots": [
				{
					"_name": "mod_stock",
					"_id": "5ea03f7400685063ec28bfab",
					"_parent": "5ea03f7400685063ec28bfa8",
					"_props": {
						"filters": [
							{
								"Shift": 0,
								"Filter": [
									"5ea03e9400685063ec28bfa4"
								]
							}
						]
					},
					"_required": true,
					"_mergeSlotWithChildren": false,
					"_proto": "55d30c4c4bdc2db4468b457e"
				},
				{
					"_name": "mod_magazine",
					"_id": "5ea03f7400685063ec28bfad",
					"_parent": "5ea03f7400685063ec28bfa8",
					"_props": {
						"filters": [
							{
								"AnimationIndex": -1,
								"Filter": [
									"ppgunmag"
								]
							}
						]
					},
					"_required": false,
					"_mergeSlotWithChildren": false,
					"_proto": "55d30c394bdc2dae468b4577"
				},
				{
					"_name": "mod_reciever",
					"_id": "5ea03f7400685063ec28bfaf",
					"_parent": "5ea03f7400685063ec28bfa8",
					"_props": {
						"filters": [
							{
								"Shift": 0,
								"Filter": [
									"ppgunreceiver"
								]
							}
						]
					},
					"_required": true,
					"_mergeSlotWithChildren": false,
					"_proto": "55d30c4c4bdc2db4468b457e"
				},
				{
					"_name": "mod_barrel",
					"_id": "5ea06b13fadf1d18c87b0774",
					"_parent": "5ea03f7400685063ec28bfa8",
					"_props": {
						"filters": [
							{
								"Shift": 0,
								"Filter": [
									"ppgunbarrel"
								]
							}
						]
					},
					"_required": true,
					"_mergeSlotWithChildren": false,
					"_proto": "55d30c4c4bdc2db4468b457e"
				}
			],
			"CanPutIntoDuringTheRaid": true,
			"CantRemoveFromSlotsDuringRaid": [],
			"weapClass": "smg",
			"weapUseType": "primary",
			"ammoCaliber": "Caliber762x25TT",
			"Durability": 95,
			"MaxDurability": 100,
			"OperatingResource": 4000,
			"RepairComplexity": 0,
			"durabSpawnMin": 25,
			"durabSpawnMax": 75,
			"isFastReload": true,
			"RecoilForceUp": 500,
			"RecoilForceBack": 400,
			"Convergence": 1.5,
			"RecoilAngle": 110,
			"weapFireType": [
				"single",
				"fullauto"
			],
			"RecolDispersion": 25,
			"bFirerate": 1000,
			"Ergonomics": 16,
			"Velocity": -17.9,
			"bEffDist": 200,
			"bHearDist": 80,
			"isChamberLoad": true,
			"chamberAmmoCount": 2,
			"isBoltCatch": false,
			"defMagType": "5ea034eb5aad6446a939737b",
			"defAmmo": "5735ff5c245977640e39ba7e",
			"shotgunDispersion": 0,
			"Chambers": [],
			"CameraRecoil": 0.2,
			"CameraSnap": 3.5,
			"ReloadMode": "ExternalMagazine",
			"CenterOfImpact": 0.1,
			"AimPlane": 0.15,
			"DeviationCurve": 1,
			"DeviationMax": 100,
			"Foldable": false,
			"Retractable": false,
			"TacticalReloadStiffnes": {
				"x": 0.95,
				"y": 0.33,
				"z": 0.95
			},
			"TacticalReloadFixation": 0.95,
			"RecoilCenter": {
				"x": 0,
				"y": -0.25,
				"z": 0
			},
			"RotationCenter": {
				"x": 0,
				"y": -0.1,
				"z": -0.03
			},
			"RotationCenterNoStock": {
				"x": 0,
				"y": -0.27,
				"z": -0.08
			},
			"SizeReduceRight": 0,
			"FoldedSlot": "",
			"CompactHandling": false,
			"SightingRange": 100,
			"MinRepairDegradation": 0,
			"MaxRepairDegradation": 0.01,
			"IronSightRange": 50,
			"MustBoltBeOpennedForExternalReload": false,
			"MustBoltBeOpennedForInternalReload": false,
			"BoltAction": false,
			"HipAccuracyRestorationDelay": 0.2,
			"HipAccuracyRestorationSpeed": 7,
			"HipInnaccuracyGain": 0.16,
			"ManualBoltCatch": false
		},
		"_proto": "5447a9cd4bdc2dbd208b4567"
	}