{
		"_id": "ppgunslide",
		"_name": "ppgunslide",
		"_parent": "55818a304bdc2db5418b457d",
		"_type": "Item",
		"_props": {
			"Name": "ppgunslide",
			"ShortName": "ppgunslide",
			"Description": "ppgunslide",
			"Weight": 0.32,
			"BackgroundColor": "blue",
			"Width": 2,
			"Height": 1,
			"StackMaxSize": 1,
			"Rarity": "Not_exist",
			"SpawnChance": 10,
			"CreditsPrice": 6537,
			"ItemSound": "mod",
			"Prefab": {
				"path": "assets/content/items/mods/recievers/reciever_glock_glock_18c_std.bundle",
				"rcid": ""
			},
			"UsePrefab": {
				"path": "",
				"rcid": ""
			},
			"StackObjectsCount": 1,
			"NotShownInSlot": false,
			"ExaminedByDefault": false,
			"ExamineTime": 1,
			"IsUndiscardable": false,
			"IsUnsaleable": false,
			"IsUnbuyable": false,
			"IsUngivable": false,
			"IsLockedafterEquip": false,
			"QuestItem": false,
			"LootExperience": 10,
			"ExamineExperience": 2,
			"HideEntrails": false,
			"RepairCost": 0,
			"RepairSpeed": 0,
			"ExtraSizeLeft": 0,
			"ExtraSizeRight": 0,
			"ExtraSizeUp": 0,
			"ExtraSizeDown": 0,
			"ExtraSizeForceAdd": false,
			"MergesWithChildren": true,
			"CanSellOnRagfair": true,
			"CanRequireOnRagfair": true,
			"BannedFromRagfair": false,
			"ConflictingItems": [],
			"FixedPrice": false,
			"Unlootable": false,
			"UnlootableFromSlot": "FirstPrimaryWeapon",
			"UnlootableFromSide": [],
			"ChangePriceCoef": 1,
			"AllowSpawnOnLocations": [],
			"SendToClient": false,
			"AnimationVariantsNumber": 0,
			"DiscardingBlock": false,
			"Grids": [],
			"Slots": [
			],
			"CanPutIntoDuringTheRaid": true,
			"CantRemoveFromSlotsDuringRaid": [],
			"Durability": 100,
			"Accuracy": 0,
			"Recoil": 0,
			"Loudness": 0,
			"EffectiveDistance": 0,
			"Ergonomics": 0,
			"Velocity": 0,
			"RaidModdable": true,
			"ToolModdable": false,
			"BlocksFolding": false,
			"BlocksCollapsible": false,
			"IsAnimated": true,
			"HasShoulderContact": false,
			"SightingRange": 0
		},
		"_proto": "55d355e64bdc2d962f8b4569"
	}