{
		"_id": "ppgunmag",
		"_name": "ppgunmag",
		"_parent": "5448bc234bdc2d3c308b4569",
		"_type": "Item",
		"_props": {
			"Name": "ppgunmag",
			"ShortName": "ppgunmag",
			"Description": "ppgunmag",
			"Weight": 0.9,
			"BackgroundColor": "yellow",
			"Width": 2,
			"Height": 2,
			"StackMaxSize": 1,
			"Rarity": "Rare",
			"SpawnChance": 2,
			"CreditsPrice": 16000,
			"ItemSound": "magazine_metal",
			"Prefab": {
				"path": "assets/content/items/mods/magazines/mag_ppsh_zis_std_762x25_71.bundle",
				"rcid": ""
			},
			"UsePrefab": {
				"path": "",
				"rcid": ""
			},
			"StackObjectsCount": 1,
			"NotShownInSlot": false,
			"ExaminedByDefault": false,
			"ExamineTime": 1,
			"IsUndiscardable": false,
			"IsUnsaleable": false,
			"IsUnbuyable": false,
			"IsUngivable": false,
			"IsLockedafterEquip": false,
			"QuestItem": false,
			"LootExperience": 10,
			"ExamineExperience": 2,
			"HideEntrails": false,
			"RepairCost": 0,
			"RepairSpeed": 0,
			"ExtraSizeLeft": 0,
			"ExtraSizeRight": 0,
			"ExtraSizeUp": 0,
			"ExtraSizeDown": 1,
			"ExtraSizeForceAdd": false,
			"MergesWithChildren": true,
			"CanSellOnRagfair": true,
			"CanRequireOnRagfair": true,
			"BannedFromRagfair": false,
			"ConflictingItems": [],
			"FixedPrice": false,
			"Unlootable": false,
			"UnlootableFromSlot": "FirstPrimaryWeapon",
			"UnlootableFromSide": [],
			"ChangePriceCoef": 1,
			"AllowSpawnOnLocations": [],
			"SendToClient": false,
			"AnimationVariantsNumber": 0,
			"DiscardingBlock": false,
			"Grids": [],
			"Slots": [],
			"CanPutIntoDuringTheRaid": true,
			"CantRemoveFromSlotsDuringRaid": [],
			"Durability": 100,
			"Accuracy": 0,
			"Recoil": 0,
			"Loudness": 0,
			"EffectiveDistance": 0,
			"Ergonomics": -9,
			"Velocity": 0,
			"RaidModdable": true,
			"ToolModdable": false,
			"BlocksFolding": false,
			"BlocksCollapsible": false,
			"IsAnimated": false,
			"HasShoulderContact": false,
			"SightingRange": 0,
			"magAnimationIndex": 0,
			"Cartridges": [
				{
					"_name": "cartridges",
					"_id": "5ea034f65aad6446a9397380",
					"_parent": "5ea034f65aad6446a939737e",
					"_max_count": 71,
					"_props": {
						"filters": [
							{
								"Filter": [
									"5d6e6a05a4b93618084f58d0",
									"5d6e6806a4b936088465b17e",
									"560d5e524bdc2d25448b4571",
									"5d6e6772a4b936088465b17c",
									"5d6e67fba4b9361bc73bc779",
									"5d6e6911a4b9361bd5780d52",
									"5d6e68e6a4b9361c140bcfe0",
									"5d6e68a8a4b9360b6c0d54e2",
									"5c0d591486f7744c505b416f",
									"5d6e68dea4b9361bcc29e659",
									"5d6e6a5fa4b93614ec501745",
									"5d6e6869a4b9361c140bcfde",
									"58820d1224597753c90aeb13",
									"5d6e68c4a4b9361b93413f79",
									"5d6e689ca4b9361bc8618956",
									"5d6e68d1a4b93622fe60e845",
									"5d6e6891a4b9361bd473feea"
								]
							}
						]
					},
					"_proto": "5748538b2459770af276a261"
				}
			],
			"CanFast": true,
			"CanHit": false,
			"CanAdmin": false,
			"LoadUnloadModifier": 35,
			"CheckTimeModifier": 30,
			"CheckOverride": 0,
			"ReloadMagType": "ExternalMagazine",
			"VisibleAmmoRangesString": "1-3"
		},
		"_proto": "55d480c04bdc2d1d4e8b456a"
	}