{
		"_id": "ppgunreciverdrop",
		"_name": "ppgunreciverdrop",
		"_parent": "55818b224bdc2dde698b456f",
		"_type": "Item",
		"_props": {
			"Name": "ppgunreciverdrop",
			"ShortName": "ppgunreciverdrop",
			"Description": "ppgunreciverdrop",
			"Weight": 0.12,
			"BackgroundColor": "blue",
			"Width": 1,
			"Height": 1,
			"StackMaxSize": 1,
			"Rarity": "Rare",
			"SpawnChance": 2,
			"CreditsPrice": 4044,
			"ItemSound": "mod",
			"Prefab": {
				"path": "assets/content/items/mods/mounts/mount_sr1mp_tochmash_std_4_rail.bundle",
				"rcid": ""
			},
			"UsePrefab": {
				"path": "",
				"rcid": ""
			},
			"StackObjectsCount": 1,
			"NotShownInSlot": false,
			"ExaminedByDefault": false,
			"ExamineTime": 1,
			"IsUndiscardable": false,
			"IsUnsaleable": false,
			"IsUnbuyable": false,
			"IsUngivable": false,
			"IsLockedafterEquip": false,
			"QuestItem": false,
			"LootExperience": 10,
			"ExamineExperience": 5,
			"HideEntrails": false,
			"RepairCost": 0,
			"RepairSpeed": 0,
			"ExtraSizeLeft": 0,
			"ExtraSizeRight": 0,
			"ExtraSizeUp": 0,
			"ExtraSizeDown": 0,
			"ExtraSizeForceAdd": false,
			"MergesWithChildren": true,
			"CanSellOnRagfair": true,
			"CanRequireOnRagfair": true,
			"BannedFromRagfair": false,
			"ConflictingItems": [],
			"FixedPrice": false,
			"Unlootable": false,
			"UnlootableFromSlot": "FirstPrimaryWeapon",
			"UnlootableFromSide": [],
			"ChangePriceCoef": 1,
			"AllowSpawnOnLocations": [],
			"SendToClient": false,
			"AnimationVariantsNumber": 0,
			"DiscardingBlock": false,
			"Grids": [],
			"Slots": [
				{
					"_name": "mod_scope",
					"_id": "5a27bb79c4a282000e496f7b",
					"_parent": "5a27bad7c4a282000b15184b",
					"_props": {
						"filters": [
							{
								"Shift": 0,
								"Filter": [
									"ppgunslide"
								]
							}
						]
					},
					"_required": false,
					"_mergeSlotWithChildren": false,
					"_proto": "55d30c4c4bdc2db4468b457e"
				}
			],
			"CanPutIntoDuringTheRaid": true,
			"CantRemoveFromSlotsDuringRaid": [],
			"Durability": 100,
			"Accuracy": 0,
			"Recoil": 0,
			"Loudness": 0,
			"EffectiveDistance": 0,
			"Ergonomics": 0,
			"Velocity": 0,
			"RaidModdable": true,
			"ToolModdable": false,
			"BlocksFolding": false,
			"BlocksCollapsible": false,
			"IsAnimated": false,
			"HasShoulderContact": false,
			"SightingRange": 0
		},
		"_proto": "5649a2464bdc2d91118b45a8"
	}